protein_accession,telencephalon_proteoform,optic_tectum_proteoform,telencephalon_sequence_core,optic_tectum_sequence_core,telencephalon_modification_tokens,optic_tectum_modification_tokens,canonicalized_sequence,telencephalon_residue_window,optic_tectum_residue_window,standards_note,note
sp|O73872|SODC_DANRE,M.VNKAVCVLKGTGEVTGTVYFNQEGEKKPVKVTGEITGLTPGKHGFHVHAFGDN(TNGCISAGPHFNPHDKTHGGPTDSVRHVGDLGNVTADASGVAKIEIEDAMLTLSGQHSIIGRTMVIHEKEDDLGKGGNEESLKTGNAGGRLACGVIGITQ)[-1.9978].,M.VNKAVCVLKGTGEVTGTVYFNQEGEKKPVKVTGEITGLTPGKHGFHVHAFGDNTNGCISAGPHFN(PHDKT)[-1.9792]HGGPTDSVRHVGDLGNVTADASGVAKIEIEDAMLTLSGQHSIIGRTMVIHEKEDDLGKGGNEESLKTGNAGGRLACGVIGITQ.,VNKAVCVLKGTGEVTGTVYFNQEGEKKPVKVTGEITGLTPGKHGFHVHAFGDN(TNGCISAGPHFNPHDKTHGGPTDSVRHVGDLGNVTADASGVAKIEIEDAMLTLSGQHSIIGRTMVIHEKEDDLGKGGNEESLKTGNAGGRLACGVIGITQ)[-1.9978],VNKAVCVLKGTGEVTGTVYFNQEGEKKPVKVTGEITGLTPGKHGFHVHAFGDNTNGCISAGPHFN(PHDKT)[-1.9792]HGGPTDSVRHVGDLGNVTADASGVAKIEIEDAMLTLSGQHSIIGRTMVIHEKEDDLGKGGNEESLKTGNAGGRLACGVIGITQ,-1.9978,-1.9792,MVNKAVCVLKGTGEVTGTVYFNQEGEKKPVKVTGEITGLTPGKHGFHVHAFGDNTNGCISAGPHFNPHDKTHGGPTDSVRHVGDLGNVTADASGVAKIEIEDAMLTLSGQHSIIGRTMVIHEKEDDLGKGGNEESLKTGNAGGRLACGVIGITQ,2-154,2-154,"The source strings are decomposed into sequence-core and modification-token parts so they can be compared in a ProForma-oriented way, even though the public tables do not expose the full localization metadata needed for full ProForma 2.0 serialization.","Strict proteoform strings differ, but accession identity plus the canonicalized sequence still indicate the same proteoform family."
sp|Q4QRF4|H32_DANRE,A.ARKSAPATGGVKKPHRYRPGTVALREIRRYQKSTELLIRKLPFQRLVREIAQDFKTDLRFQSSAV(MALQEASEA)[-171.7838]YLVGLFEDTNLCAIHAKRVTIMPKDIQLARRIRGERA.,A.(AR)[-171.0386]KSAPATGGVKKPHRYRPGTVALREIRRYQKSTELLIRKLPFQRLVREIAQDFKTDLRFQSSAVMALQEASEAYLVGLFEDTNLCAIHAKRVTIMPKDIQLARRIRGERA.,ARKSAPATGGVKKPHRYRPGTVALREIRRYQKSTELLIRKLPFQRLVREIAQDFKTDLRFQSSAV(MALQEASEA)[-171.7838]YLVGLFEDTNLCAIHAKRVTIMPKDIQLARRIRGERA,(AR)[-171.0386]KSAPATGGVKKPHRYRPGTVALREIRRYQKSTELLIRKLPFQRLVREIAQDFKTDLRFQSSAVMALQEASEAYLVGLFEDTNLCAIHAKRVTIMPKDIQLARRIRGERA,-171.7838,-171.0386,AARKSAPATGGVKKPHRYRPGTVALREIRRYQKSTELLIRKLPFQRLVREIAQDFKTDLRFQSSAVMALQEASEAYLVGLFEDTNLCAIHAKRVTIMPKDIQLARRIRGERA,26-136,26-136,"The source strings are decomposed into sequence-core and modification-token parts so they can be compared in a ProForma-oriented way, even though the public tables do not expose the full localization metadata needed for full ProForma 2.0 serialization.","Strict proteoform strings differ, but accession identity plus the canonicalized sequence still indicate the same proteoform family."
sp|Q5BJA5|H2B1_DANRE,R.STITSREIQTAVRLLLPGELAKHAVSEGTKAVTKYTSSK.,R.STITSREIQTAVRLLLPGELAKHAVSEGTKAVTKYTSS.K,STITSREIQTAVRLLLPGELAKHAVSEGTKAVTKYTSSK,STITSREIQTAVRLLLPGELAKHAVSEGTKAVTKYTSS,none,none,RSTITSREIQTAVRLLLPGELAKHAVSEGTKAVTKYTSSK,86-124,86-123,"The source strings are decomposed into sequence-core and modification-token parts so they can be compared in a ProForma-oriented way, even though the public tables do not expose the full localization metadata needed for full ProForma 2.0 serialization.","Strict proteoform strings differ, but accession identity plus the canonicalized sequence still indicate the same proteoform family."
sp|Q6NWH2|MRPB_DANRE,.(MGSQASKGGVAVE)[82.1393]GKAAAADPAAVKTNGQENGHVKTNGDVSAKAEGDAATTNGSAEAAKESEAGAGDAIEPAPAAEGEAAKPEGEATKETPKKKK.K,.(MGSQASKGGVAVEGKAAAADPAAVKTNGQENG)[82.1303]HVKTNGDVSAKAEGDAATTNGSAEAAKESEAGAGDAIEPAPAAEGEAAKPEGEATKETPKKKK.K,(MGSQASKGGVAVE)[82.1393]GKAAAADPAAVKTNGQENGHVKTNGDVSAKAEGDAATTNGSAEAAKESEAGAGDAIEPAPAAEGEAAKPEGEATKETPKKKK,(MGSQASKGGVAVEGKAAAADPAAVKTNGQENG)[82.1303]HVKTNGDVSAKAEGDAATTNGSAEAAKESEAGAGDAIEPAPAAEGEAAKPEGEATKETPKKKK,82.1393,82.1303,MGSQASKGGVAVEGKAAAADPAAVKTNGQENGHVKTNGDVSAKAEGDAATTNGSAEAAKESEAGAGDAIEPAPAAEGEAAKPEGEATKETPKKKKK,1-95,1-95,"The source strings are decomposed into sequence-core and modification-token parts so they can be compared in a ProForma-oriented way, even though the public tables do not expose the full localization metadata needed for full ProForma 2.0 serialization.","Strict proteoform strings differ, but accession identity plus the canonicalized sequence still indicate the same proteoform family."
sp|Q6PI20|H33_DANRE,A.RKSAPSTGGVKKPHRYRPGTVALREIRRYQKSTELLIRKLPFQRLVREIAQDFKTDLRFQSAAI(GALQEASEAY)[-24.7390]LVGLFEDTNLCAIHAKRVTIMPKDIQLARRIRGERA.,A.RKSAPSTGGVKKPHRYRPGTVALREIRRYQKSTELLIRKLPFQRLVREIAQDFKTDLRFQSAAIGAL(Q)[-98.9906]EASEAYLVGLFEDTNLCAIHAKRVTIMPKDIQLARRIRGERA.,RKSAPSTGGVKKPHRYRPGTVALREIRRYQKSTELLIRKLPFQRLVREIAQDFKTDLRFQSAAI(GALQEASEAY)[-24.7390]LVGLFEDTNLCAIHAKRVTIMPKDIQLARRIRGERA,RKSAPSTGGVKKPHRYRPGTVALREIRRYQKSTELLIRKLPFQRLVREIAQDFKTDLRFQSAAIGAL(Q)[-98.9906]EASEAYLVGLFEDTNLCAIHAKRVTIMPKDIQLARRIRGERA,-24.7390,-98.9906,ARKSAPSTGGVKKPHRYRPGTVALREIRRYQKSTELLIRKLPFQRLVREIAQDFKTDLRFQSAAIGALQEASEAYLVGLFEDTNLCAIHAKRVTIMPKDIQLARRIRGERA,27-136,27-136,"The source strings are decomposed into sequence-core and modification-token parts so they can be compared in a ProForma-oriented way, even though the public tables do not expose the full localization metadata needed for full ProForma 2.0 serialization.","Strict proteoform strings differ, but accession identity plus the canonicalized sequence still indicate the same proteoform family."
sp|Q6PI20|H33_DANRE,K.AARKSAPSTGGVKKPHRYRPGTVALREIRRYQKSTELLIRKLPFQRLVREIAQDFKTDLRFQ(SAA)[-228.0395]IGALQEASEAYLVGLFEDTNLCAIHAKRVTIMPKDIQLARRIRGERA.,K.AARKSAPSTGGVKKPHRYRPGTVALREIRRYQKSTELLIRKLPFQRLVREIAQDFKTDLRFQSAA(IGALQEASEA)[-165.8563]YLVGLFEDTNLCAIHAKRVTIMPKDIQLARRIRGERA.,AARKSAPSTGGVKKPHRYRPGTVALREIRRYQKSTELLIRKLPFQRLVREIAQDFKTDLRFQ(SAA)[-228.0395]IGALQEASEAYLVGLFEDTNLCAIHAKRVTIMPKDIQLARRIRGERA,AARKSAPSTGGVKKPHRYRPGTVALREIRRYQKSTELLIRKLPFQRLVREIAQDFKTDLRFQSAA(IGALQEASEA)[-165.8563]YLVGLFEDTNLCAIHAKRVTIMPKDIQLARRIRGERA,-228.0395,-165.8563,KAARKSAPSTGGVKKPHRYRPGTVALREIRRYQKSTELLIRKLPFQRLVREIAQDFKTDLRFQSAAIGALQEASEAYLVGLFEDTNLCAIHAKRVTIMPKDIQLARRIRGERA,25-136,25-136,"The source strings are decomposed into sequence-core and modification-token parts so they can be compared in a ProForma-oriented way, even though the public tables do not expose the full localization metadata needed for full ProForma 2.0 serialization.","Strict proteoform strings differ, but accession identity plus the canonicalized sequence still indicate the same proteoform family."
sp|Q6PI52|CALM_DANRE,M.(A)[Acetyl]DQLTEEQIAEFKEAFSLFDKDGDGTITTKELGTVMRSLGQNPTEAELQDMINEV(DADGNGTIDFPEFLTMMARK)[37.2582].M,M.(A)[Acetyl]DQLTEEQIAEFKEAFSLFDKDGDGTITTKELGTVMRSLGQNPTEAELQDMINE(VDADGNGTIDFPEFLTMMARK)[34.7528].M,(A)[Acetyl]DQLTEEQIAEFKEAFSLFDKDGDGTITTKELGTVMRSLGQNPTEAELQDMINEV(DADGNGTIDFPEFLTMMARK)[37.2582],(A)[Acetyl]DQLTEEQIAEFKEAFSLFDKDGDGTITTKELGTVMRSLGQNPTEAELQDMINE(VDADGNGTIDFPEFLTMMARK)[34.7528],Acetyl;37.2582,Acetyl;34.7528,MADQLTEEQIAEFKEAFSLFDKDGDGTITTKELGTVMRSLGQNPTEAELQDMINEVDADGNGTIDFPEFLTMMARKM,2-76,2-76,"The source strings are decomposed into sequence-core and modification-token parts so they can be compared in a ProForma-oriented way, even though the public tables do not expose the full localization metadata needed for full ProForma 2.0 serialization.","Strict proteoform strings differ, but accession identity plus the canonicalized sequence still indicate the same proteoform family."
sp|Q6PI52|CALM_DANRE,M.(A)[Acetyl]DQLTEEQIAEFKEAFSLFDKDGDGTITTKELGTVMRSLGQNPTEAELQDMINE(VDADGNGTIDFPEFLTMMARKMKDTDSEEEIREAFRVFDKDGNGYISAA)[39.6100]ELRHVMTNLGEKLTDEEVDEMIREADIDGDGQVNYEEFVQMMTAK.,M.(A)[Acetyl]DQLTEEQIAEFKEAFSLFDKDGDGTITTKELGTVMRSLGQNPTEAELQDMINEVDADGNGTIDF(PEFLTMMARKMKDTDSEEEIREA)[42.0463]FRVFDKDGNGYISAAELRHVMTNLGEKLTDEEVDEMIREADIDGDGQVNYEEFVQMMTAK.,(A)[Acetyl]DQLTEEQIAEFKEAFSLFDKDGDGTITTKELGTVMRSLGQNPTEAELQDMINE(VDADGNGTIDFPEFLTMMARKMKDTDSEEEIREAFRVFDKDGNGYISAA)[39.6100]ELRHVMTNLGEKLTDEEVDEMIREADIDGDGQVNYEEFVQMMTAK,(A)[Acetyl]DQLTEEQIAEFKEAFSLFDKDGDGTITTKELGTVMRSLGQNPTEAELQDMINEVDADGNGTIDF(PEFLTMMARKMKDTDSEEEIREA)[42.0463]FRVFDKDGNGYISAAELRHVMTNLGEKLTDEEVDEMIREADIDGDGQVNYEEFVQMMTAK,Acetyl;39.6100,Acetyl;42.0463,MADQLTEEQIAEFKEAFSLFDKDGDGTITTKELGTVMRSLGQNPTEAELQDMINEVDADGNGTIDFPEFLTMMARKMKDTDSEEEIREAFRVFDKDGNGYISAAELRHVMTNLGEKLTDEEVDEMIREADIDGDGQVNYEEFVQMMTAK,2-149,2-149,"The source strings are decomposed into sequence-core and modification-token parts so they can be compared in a ProForma-oriented way, even though the public tables do not expose the full localization metadata needed for full ProForma 2.0 serialization.","Strict proteoform strings differ, but accession identity plus the canonicalized sequence still indicate the same proteoform family."
sp|Q804W2|PRV7_DANRE,M.(A)[Acetyl]MKNLLKDDDIKKALDQFKAADSFDHKKFFDVVGLKALSADNVKLVFKALDVDASGFIEEEELKFVLKGFSADGRDLTDKETKAFLAAADKDGDGKIGIDEFEALVHE.,M.(A)[Acetyl]MKNLLKDDDIKKALDQFKAADSFDHKKFFDVVGLKALSADNVKLVFKALDVD(A)[15.0828]SGFIEEEELKFVLKGFSADGRDLTDKETKAFLAAADKDGDGKIGIDEFEALVHE.,(A)[Acetyl]MKNLLKDDDIKKALDQFKAADSFDHKKFFDVVGLKALSADNVKLVFKALDVDASGFIEEEELKFVLKGFSADGRDLTDKETKAFLAAADKDGDGKIGIDEFEALVHE,(A)[Acetyl]MKNLLKDDDIKKALDQFKAADSFDHKKFFDVVGLKALSADNVKLVFKALDVD(A)[15.0828]SGFIEEEELKFVLKGFSADGRDLTDKETKAFLAAADKDGDGKIGIDEFEALVHE,Acetyl,Acetyl;15.0828,MAMKNLLKDDDIKKALDQFKAADSFDHKKFFDVVGLKALSADNVKLVFKALDVDASGFIEEEELKFVLKGFSADGRDLTDKETKAFLAAADKDGDGKIGIDEFEALVHE,2-109,2-109,"The source strings are decomposed into sequence-core and modification-token parts so they can be compared in a ProForma-oriented way, even though the public tables do not expose the full localization metadata needed for full ProForma 2.0 serialization.","Strict proteoform strings differ, but accession identity plus the canonicalized sequence still indicate the same proteoform family."
tr|A0A0N4STS4|A0A0N4STS4_DANRE,.(MQIFVKTLT)[312.1480]GKTITLEVEPSDTIENVKAKIQDKEGIPPDQQRLIFAGKQLEDGRTLSDYNIQKESTLHLVLRLRGG.M,.MQIFVKTLTGKTITLEVEPSDTIENVKAKIQDKEGIPPDQQRLIFAGKQLEDGRTLSDYNIQKESTLHLVLRLRGG.M,(MQIFVKTLT)[312.1480]GKTITLEVEPSDTIENVKAKIQDKEGIPPDQQRLIFAGKQLEDGRTLSDYNIQKESTLHLVLRLRGG,MQIFVKTLTGKTITLEVEPSDTIENVKAKIQDKEGIPPDQQRLIFAGKQLEDGRTLSDYNIQKESTLHLVLRLRGG,312.1480,none,MQIFVKTLTGKTITLEVEPSDTIENVKAKIQDKEGIPPDQQRLIFAGKQLEDGRTLSDYNIQKESTLHLVLRLRGGM,1-76,1-76,"The source strings are decomposed into sequence-core and modification-token parts so they can be compared in a ProForma-oriented way, even though the public tables do not expose the full localization metadata needed for full ProForma 2.0 serialization.","Strict proteoform strings differ, but accession identity plus the canonicalized sequence still indicate the same proteoform family."
tr|A0A2R8RR55|A0A2R8RR55_DANRE,G.MQIFVKTLTGKTITLEVEPSDTIENVKAKIQDKEGIPPDQQRLIFAGKQLEDGRTLSD(YNIQ)[-342.2277]KESTLHLVLRLRGGTKI.,G.MQIFVKTLTGKTITLEVEPSDTIENVKAKIQDKEGIPPDQQRLIFAGKQLEDGRTLSD(YNIQ)[-456.2624]KESTLHLVLRLRGGTKI.,MQIFVKTLTGKTITLEVEPSDTIENVKAKIQDKEGIPPDQQRLIFAGKQLEDGRTLSD(YNIQ)[-342.2277]KESTLHLVLRLRGGTKI,MQIFVKTLTGKTITLEVEPSDTIENVKAKIQDKEGIPPDQQRLIFAGKQLEDGRTLSD(YNIQ)[-456.2624]KESTLHLVLRLRGGTKI,-342.2277,-456.2624,GMQIFVKTLTGKTITLEVEPSDTIENVKAKIQDKEGIPPDQQRLIFAGKQLEDGRTLSDYNIQKESTLHLVLRLRGGTKI,229-307,229-307,"The source strings are decomposed into sequence-core and modification-token parts so they can be compared in a ProForma-oriented way, even though the public tables do not expose the full localization metadata needed for full ProForma 2.0 serialization.","Strict proteoform strings differ, but accession identity plus the canonicalized sequence still indicate the same proteoform family."
tr|A3KPR4|A3KPR4_DANRE,.(M)[Acetyl]SGRGKGGKGLG(KGGAKRHRKVLRDNIQGI)[-102.9724]TKPAIRRLARRGGVKRISGLIYEETRGVLKVFLENVIRDAVTYTEHAKRKTVTAMDVVYALKRQGRTLYGFGG.,M.SGRGKGGKGLGKGGAKRHR(KVLRDNIQGITKPAIRRLAR)[-457.2054]RGGVKRISGLIYEETRGVLKVFLENVIRDAVTYTEHAKRKTVTAMDVVYALKRQGRTLYGFGG.,(M)[Acetyl]SGRGKGGKGLG(KGGAKRHRKVLRDNIQGI)[-102.9724]TKPAIRRLARRGGVKRISGLIYEETRGVLKVFLENVIRDAVTYTEHAKRKTVTAMDVVYALKRQGRTLYGFGG,SGRGKGGKGLGKGGAKRHR(KVLRDNIQGITKPAIRRLAR)[-457.2054]RGGVKRISGLIYEETRGVLKVFLENVIRDAVTYTEHAKRKTVTAMDVVYALKRQGRTLYGFGG,Acetyl;-102.9724,-457.2054,MSGRGKGGKGLGKGGAKRHRKVLRDNIQGITKPAIRRLARRGGVKRISGLIYEETRGVLKVFLENVIRDAVTYTEHAKRKTVTAMDVVYALKRQGRTLYGFGG,1-103,2-103,"The source strings are decomposed into sequence-core and modification-token parts so they can be compared in a ProForma-oriented way, even though the public tables do not expose the full localization metadata needed for full ProForma 2.0 serialization.","Strict proteoform strings differ, but accession identity plus the canonicalized sequence still indicate the same proteoform family."
