protein_accession,gene,proteoform,tel_avg_intensity,teo_avg_intensity,tel_source_row,teo_source_row
sp|Q5BJA5|H2B1_DANRE,zgc:112234,K.KGSKKAVTKTAGKGGKKRKRTRKESYAIYVYKVLKQVHPDTGISSKAMGIMNSFVNDIFERIAGEASRLAHYNKRSTITSREIQTAVRLLLPGELAKHAVSEGTKAVTKYTSSK.,28565000.0,350650000.0,292,192
sp|Q5BJA5|H2B1_DANRE,zgc:112234,R.STITSREIQTAVRLLLPGELAKHAVSEGTKAVTKYTSSK.,52065000.0,125050000.0,110,142
sp|Q5PRD0|143BA_DANRE,ywhaba,.(M)[Acetyl]DKSDLVQKAKLAEQAERYDDMAASM.K,2417500.0,207600.0,8,368
sp|Q7ZUY3|H2AX_DANRE,h2ax,L.AVRNDEELNKLLGGVTIAQGGVLPNIQAVLLPK.K,3694000.0,1314500.0,30,389
sp|Q7ZUY3|H2AX_DANRE,h2ax,R.HLQLAVRNDEELNKLLGGVTIAQGGVLPNIQAVLLPK.K,4497000.0,42245000.0,253,77
sp|Q804W2|PRV7_DANRE,pvalb7,M.(A)[Acetyl]MKNLLKDDDIKKALDQFKAADSFDHKKFFDVVGLKALSADNVKLVFKALDVDASGFIEEEELKFVLKGFSADGRDLTDKETKAFLAAADKDGDGKIGIDEFEALVHE.,886900000.0,1144000000.0,151,177
sp|Q9I8V0|PRV2_DANRE,pvalb2,M.(A)[Acetyl]FAGILKDEDVAAALKDCAAADSFNYKNFFAKVGLSAKSPDDIKKAFFVIDQDKSGFIEEDELKLFLQNFSAGARALTDAETKAFLSAGDSDGDGKIGVDEFALLVKA.,309400000.0,729500000.0,197,533
tr|A0A0N4STS4|A0A0N4STS4_DANRE,ubb,.MQIFVKTLTGKTITLEVEPSDTIENVKAKIQDKEGIPPDQQRLIFAGKQLEDGRTLSDYNIQKESTLHLVLRLR.G,4401000.0,158900000.0,252,200
tr|A0JMK6|A0JMK6_DANRE,scg2b,R.DTQGKEEPEGPQKPPAQDPAQETVDQTPPESGTEDGKEYHGKIVAGM.,31905000.0,1329000.0,99,374
tr|B8JM34|B8JM34_DANRE,atp5pf,Y.GGGDLSKFPQFSFTEPKLDETTTK.,1498000.0,15130000.0,237,337
tr|E7F9R1|E7F9R1_DANRE,atp1b4,.(M)[Acetyl]ERDSTAGGAEDLLLEDKVSKLR.A,58155000.0,1733500.0,109,338
tr|E7FAE7|E7FAE7_DANRE,si:ch211-105c13.3,.(M)[Acetyl]EGAIKTVVMQYLSSARGKENLGGKNFQKLVQSQLGNILSDTESSSAVKEMMRGLDDNQDGKVSFQEYMTLVGYLATSLSEQKASGQEDKH.,16025000.0,6115000.0,79,241
tr|E9QFA6|E9QFA6_DANRE,cox8a,N.LVTRPAKEALGPVETTAALAIFTLAILGPAGWVLSNLENYKKRDSVESE.,366500000.0,19430000.0,140,332
tr|F1Q9A4|F1Q9A4_DANRE,cox7a2a,Q.LENKVPNKQKLFQEDNDLPVHLKGGLTDGLLYRLTMALTIFGSGYVVYTLFDAAMPKKKD.,177850000.0,96355000.0,131,123
tr|F1R446|F1R446_DANRE,sptan1,.(M)[Acetyl]DISGVKVLETADDIQERRQQVLDRY.R,6174000.0,1021500.0,41,377
tr|Q45QT2|Q45QT2_DANRE,tmsb4x,M.(S)[Acetyl]DKPNLEEVTSFDKTKLKKTETQEKNPLPSKETIEQEKQAGSS.,4613500000.0,7520000.0,155,264
tr|Q4V8S5|Q4V8S5_DANRE,acbd7,M.TLKAEFDQYAEDVKKVKTRPTDQELLDLYGLYKQAVVGDINIDKPGMIDLKGKAKWDAWDSRKGMSTEDAMKAYITLAKQAIEKYGK.,269000000.0,203850000.0,136,166
tr|Q568Q7|Q568Q7_DANRE,stmn1b,M.(A)[Acetyl]SSGADIQVKELDKRASGQAFEVILSPTAPDAKGEFPLSTPK.K,6048000.0,9145000.0,54,382
tr|Q5XJK2|Q5XJK2_DANRE,h2ax1,M.(S)[Acetyl]GRGKTGGKARAKAKSRSSRAGLQFPVGRVHRLLRKGNYAERVGAGAPVYLAAVLEYLTAEILELAGNAARDNKKTRIIPRHLQLAVRNDEELNKLLGGVTIAQGGVLPNIQAVLLPKKTEKPAKSK.,79915000.0,18950000.0,97,503
tr|Q6IMW7|Q6IMW7_DANRE,pvalb4,M.(A)[Acetyl]FAGVLNDADISAALEACKAADSFNHKSFFAKVGLASKSADEVKKAFAIIDQDKSGFIEEEELKLFLQNFKADARALTDGETKTFLKAGDSDGDGKIGIDEFAALVKA.,1139000000.0,5445000000.0,182,256
tr|Q6P0T7|Q6P0T7_DANRE,tnnt3b,M.(S)[Acetyl]DTEDVGVEEEKPKFKPSAPKIPDGDKVDFDDIQKKRQNKDLVELQALIDAHFEHRKKEEEELIALKDRIEKR.R,7085000.0,43430000.0,267,516
tr|Q6P5L2|Q6P5L2_DANRE,dbi,M.(S)[Acetyl]EAEFQKAAEEVKQLKAKPTDAEMLEIYSLYKQATVGDVNTARPGMLDFTGKAKWDAWDAKKGTSKEDAVKAYIAKVEELKGKYGI.,312800000.0,107565000.0,141,136
tr|Q6PBP0|Q6PBP0_DANRE,cox7c,S.SHYAEGPGKNLPFSVENKWRLLGMMVLFFGSGFAFPFIVVRHQILKK.,41435000.0,23210000.0,105,507
tr|Q6PBR5|Q6PBR5_DANRE,atp6v1g1,M.(A)[Acetyl]SQSQGIQQLLQAEKRAAEKVAEAR.K,22975000.0,96935000.0,92,138
tr|Q6PBR5|Q6PBR5_DANRE,atp6v1g1,M.(A)[Acetyl]SQSQGIQQLLQAEKRAAEKVAEARKR.K,3004000.0,3053500.0,175,233
tr|Q6ZM17|Q6ZM17_DANRE,si:ch211-5k11.8,M.(S)[Acetyl]LSDKDKAVVKAIWAKISPKADEIGAEALARML.T,1730500.0,74390000.0,241,121
tr|Q7SZP4|Q7SZP4_DANRE,zgc:65851,M.(S)[Acetyl]YSGDIYTSSSYRKIFGDAPRRV.P,538000.0,4052500.0,195,471
tr|Q804W1|Q804W1_DANRE,pvalb6,M.(A)[Acetyl]MSSILNHDDIKKALDACKAPDSFNHKSFFEMVGLKAKASDDVKKAFHLLDADNSGFIEEEELKFVLKAFATDGRDLTDKETKAFLQAADKDGDGKIGAEEFAALVRE.,62490000.0,220900000.0,121,167
tr|X1WER9|X1WER9_DANRE,cox8b,N.ITAKPAKHALSAGEQVIALSVMFVTILGPSGWILSHLEDYKHRPGAAQE.,225600000.0,216200000.0,138,530
